Model,Accuracy,Balanced Accuracy,ROC AUC,F1 Score,Time Taken
LogisticRegression,0.9859649122807017,0.9826896404566308,0.9826896404566308,0.985934460065303,0.007788419723510742
SVC,0.9824561403508771,0.979942387709378,0.979942387709378,0.9824373831337447,0.017134666442871094
RandomForestClassifier,0.9754385964912281,0.9723407660300865,0.9723407660300865,0.9754123363872427,0.02134871482849121
KNeighborsClassifier,0.9614035087719298,0.9550304064867172,0.9550304064867172,0.9612760643504843,0.006350278854370117
NuSVC,0.9543859649122807,0.9432145524378535,0.9432145524378535,0.9540140290994862,0.008058309555053711
