Model,Accuracy,Balanced Accuracy,ROC AUC,F1 Score,Time Taken
LogisticRegression,0.9859649122807017,0.9826896404566308,0.9826896404566308,0.985934460065303,0.012962818145751953
SVC,0.9824561403508771,0.979942387709378,0.9799423877093781,0.9824373831337447,0.01671123504638672
RandomForestClassifier,0.968421052631579,0.966846260535581,0.966846260535581,0.9684538331095434,0.06851410865783691
KNeighborsClassifier,0.9614035087719298,0.9550304064867172,0.9550304064867172,0.9612760643504843,0.029731035232543945
NuSVC,0.9543859649122807,0.9432145524378535,0.9432145524378535,0.9540140290994862,0.007268667221069336
