Model,Adjusted R-Squared,R-Squared,RMSE,Time Taken
RandomForestRegressor,0.8341638588659801,0.8427188978927351,3.6315175602651077,0.09365344047546387
Ridge,0.6949913404348581,0.7107259141425837,4.924981932449411,0.0035636425018310547
LinearRegression,0.6949721099736966,0.7107076757290218,4.925137187354501,0.0035893917083740234
KNeighborsRegressor,0.6208652860520296,0.640423822882679,5.490922728564589,0.003638029098510742
Lasso,0.6176297304307173,0.6373551808450058,5.514302864619492,0.0033571720123291016
ElasticNet,0.6032622134673583,0.6237288453122962,5.6169471779311495,0.002779722213745117
SVR,0.5187943595211355,0.5436184600220293,6.186056914977052,0.007054328918457031
NuSVR,0.5126652644308136,0.5378055484085891,6.225328029533075,0.005089282989501953
